Artist,Title,Label,Format,Description,Color/Variant,Pressing Quantity,RSD Date,Original Release Date,Is Reissue,Price,Price Source,Genre 1,Style 1,Style 2
13th Floor Elevators,We Are Not Live,Charly Records,LP,,,,"April 18, 2026",1968,Yes,31.98,Estimated,Rock,Psychedelic Rock,Garage Rock
A High Frequency,Summertime,NIA,"12""",,,,"April 18, 2026",,,21.98,Estimated,Electronic,House,
a-ha,Analogue 20th Anniversary Deluxe Edition,Rhino (Pure),2xLP,,,,"April 18, 2026",2006,Yes,42.98,Estimated,Pop,Synth-Pop,New Wave
Abbey Lincoln,That's Him,UMR/Concord,LP,,,,"April 18, 2026",1957,Yes,31.98,Estimated,Jazz,Vocal Jazz,
Addis Rockers,Warriors,REAL ROCK RECORDS,LP,,,,"April 18, 2026",,,31.98,Estimated,Reggae,Roots Reggae,
Adorable,Sunshine Smile,Broadcast,"12""",,,,"April 18, 2026",,,21.98,Estimated,Rock,Shoegaze,Indie Rock
Adorable,Homeboy,Broadcast,"12""",,,,"April 18, 2026",,,21.98,Estimated,Rock,Shoegaze,Indie Rock
Adrianne Lenker,Live at Revolution Hall,4AD,3xLP,,,,"April 18, 2026",,,54.98,Estimated,Folk,Indie Folk,Singer-Songwriter
Agustin Pereyra Lucena,Ese Dia Va A Llegar,Far Out Recordings,1LP,,,,"April 18, 2026",,,31.98,Estimated,Jazz,Bossa Nova,Latin Jazz
Ahmad Jamal,Live at Oil Can Harry's,Catalyst,LP,,,,"April 18, 2026",,,31.98,Estimated,Jazz,Post-Bop,Piano Jazz
Ahmad Jamal,Live at the Jazz Showcase,Resonance Records,2xLP,,,,"April 18, 2026",,,42.98,Estimated,Jazz,Post-Bop,Piano Jazz
Air,"Moon Safari - Live Theatre Herodes Atticus, Athènes",Warner Music France,LP,,,,"April 18, 2026",,,31.98,Estimated,Electronic,Downtempo,Trip-Hop
Alabama 3,Woke Up This Morning Remixes- Gus Alt J/ Porij/ Steve Dub/Equalateral,Submarine Cat,"12""",,,,"April 18, 2026",,,21.98,Estimated,Electronic,Acid House,Country Rock
Alabaster DePlume,"Dear Children of Our Children, I Knew / Cremisan",International Anthem,LP,,,,"April 18, 2026",,,31.98,Estimated,Jazz,Avant-Garde Jazz,Experimental
Alannah,Red Moon,Jazzed Out,"7""",,,,"April 18, 2026",,,14.98,Estimated,R&B/Soul,Neo-Soul,
Alcatrazz,No Parole from Rock 'N' Roll,Culture Factory (France).,2xLP,,,,"April 18, 2026",1983,Yes,42.98,Estimated,Metal,Heavy Metal,Neoclassical Metal
Alcatrazz,No Parole from Rock 'N' Roll,Culture Factory (France).,2xCD,,,,"April 18, 2026",1983,Yes,24.98,Estimated,Metal,Heavy Metal,Neoclassical Metal
Alfie Templeman,Happiness in Liquid Form EP,Chess Club,"12""",,,,"April 18, 2026",,,21.98,Estimated,Pop,Indie Pop,Bedroom Pop
Alien Sex Fiend,Between Good and Evil,Culture Factory (France).,2xLP,,,,"April 18, 2026",1987,Yes,42.98,Estimated,Rock,Goth Rock,Post-Punk
Alison Goldfrapp,Flux (Deluxe),A.G. Records,LP,,,,"April 18, 2026",2024,Yes,31.98,Estimated,Electronic,Synth-Pop,Art Pop
Allo Darlin',Bits And Pieces,Now We Know,LP,,,,"April 18, 2026",,,31.98,Estimated,Rock,Indie Pop,Twee Pop
Amble,Hand Me Downs EP,Warner Records,LP,,,,"April 18, 2026",,,31.98,Estimated,Rock,Indie Rock,
Amuzement Park,Amuzement Park (Deluxe Edition),Our Gang Entertainment,LP,,,,"April 18, 2026",,Yes,31.98,Estimated,R&B/Soul,Funk,Soul
Amy Macdonald,Can You Hear Me? The Remixes,BMG,"12""",,,,"April 18, 2026",,,21.98,Estimated,Rock,Indie Rock,Folk Rock
Angel of Man,RONIN: CYBERPUNK 2077,Materia Collective,LP,,,,"April 18, 2026",,,31.98,Estimated,Electronic,Synthwave,Video Game Soundtrack
Annie Lennox,Live In Central Park,Commercial Group,2xLP,,,,"April 18, 2026",,,42.98,Estimated,Pop,Art Pop,Synth-Pop
"Annie Ross, The Tony",Kinsey Quintet Loguerhythms: Songs From The Establishment,Poppydisc,LP,,,,"April 18, 2026",,,31.98,Estimated,Jazz,Vocal Jazz,Bebop
Arcade Fire,Open Your Heart or Die Trying,Columbia,LP,,,,"April 18, 2026",,,31.98,Estimated,Rock,Indie Rock,Art Rock
Arcane Roots,Melancholia Hyms,Easy Life Entertainment,LP,,,,"April 18, 2026",,,31.98,Estimated,Rock,Math Rock,Progressive Rock
"Ariana Grande, Cynthia",Erivo/ Wicked Wicked: One Wonderful Night (Live) – The Soundtrack,Republic,2xLP,,,,"April 18, 2026",,,42.98,Estimated,Soundtrack,Musical Theatre,Pop
Art of Noise,The Seduction of Claude Debussy,Demon Records,2xLP,,,,"April 18, 2026",,,42.98,Estimated,Electronic,Synth-Pop,Experimental
AURORA,What Happened To The Heart? Pt. 2 Deluxe,Fontana,"12""",,,,"April 18, 2026",,Yes,21.98,Estimated,Pop,Art Pop,Electropop
Aziz Ibrahim,Lahore to Longsight,Indus Records,2xLP,,,,"April 18, 2026",,,42.98,Estimated,World,South Asian,Fusion
Bad Brains,Live,ORG MUSIC,LP,,,,"April 18, 2026",,,31.98,Estimated,Punk,Hardcore Punk,Reggae
Bad Fractals,The Sea Sang Screaming,Creation Youth,LP,,,,"April 18, 2026",,,31.98,Estimated,Rock,Psychedelic Rock,Indie Rock
Badfinger,No Dice,UMR/Apple,LP,,,,"April 18, 2026",1970,Yes,31.98,Estimated,Rock,Power Pop,Classic Rock
Bat For Lashes,Demos,Echo,LP,,,,"April 18, 2026",,Yes,31.98,Estimated,Pop,Art Pop,Dream Pop
Beathoven,Live At Pascoe Vale HIgh School 1977,GROWN UP WRONG,LP,,,,"April 18, 2026",,,31.98,Estimated,Rock,Punk,Garage Rock
Bill Brudford,Feels Good To Me,Culture Factory (France).,LP,,,,"April 18, 2026",1978,Yes,31.98,Estimated,Rock,Progressive Rock,Jazz Fusion
Bill Evans,Bill Evens At The BBC - The Complete 1965 London Sets,Elemental,2xLP,,,,"April 18, 2026",,Yes,42.98,Estimated,Jazz,Cool Jazz,Piano Jazz
Bird,Havana Garden,Pop Fiction Records,"7""",,,,"April 18, 2026",,,14.98,Estimated,Pop,Indie Pop,
bis,Antiseptic Poetry - 30 Years of bis,Do Yourself In,Box Set,,,,"April 18, 2026",,,59.98,Estimated,Rock,Indie Pop,Riot Grrrl
Black Sabbath,Seventh Star,BMG,LP,,,,"April 18, 2026",1986,Yes,31.98,Estimated,Metal,Heavy Metal,Doom Metal
Blaze,Basic Blaze,Slip-N-Slide,2xLP,,,,"April 18, 2026",,,42.98,Estimated,Hip-Hop,Southern Hip-Hop,Gangsta Rap
Blonde On Blonde,Rebirth,Culture Factory (France).,LP,,,,"April 18, 2026",1970,Yes,31.98,Estimated,Rock,Psychedelic Rock,Progressive Rock
Bloods & Crips,Bangin' On Wax 2...The Saga Continues,Dangerous Records,2xLP,,,,"April 18, 2026",,,42.98,Estimated,Hip-Hop,Gangsta Rap,West Coast Hip-Hop
Bluey,Up Here,Demon Records,LP,,,,"April 18, 2026",,,31.98,Estimated,Soundtrack,Children's,TV Soundtrack
Blur,Live At The Budokan,Parlophone,2LP,,,,"April 18, 2026",,No,42.98,Estimated,Rock,Britpop,Alternative Rock
Bob Hughes,My Old Man,Puddlebrook Records,LP,,,,"April 18, 2026",,,31.98,Estimated,Folk,Singer-Songwriter,
Bob Mould,Body of Song,Yep Roc Records,2xLP,,,,"April 18, 2026",2005,Yes,42.98,Estimated,Rock,Alternative Rock,Post-Punk
"Brand New Heavies, The",Heavy Rhyme Experience Vol.1,London Records,LP,,,,"April 18, 2026",1992,Yes,31.98,Estimated,R&B/Soul,Acid Jazz,Funk
"Breakers, The",NIGHT AFTER NIGHT,GROWN UP WRONG,LP,,,,"April 18, 2026",,,31.98,Estimated,Rock,Garage Rock,Punk
Brian Eno with Jon Hopkins,& Leo Abrahams Small Craft On A Milk Sea,UMR,2xLP,,,,"April 18, 2026",,,42.98,Estimated,Electronic,Ambient,Experimental
Brian Wilson,Imagination,Giant / Rhino,LP,,,,"April 18, 2026",1998,Yes,31.98,Estimated,Pop,Sunshine Pop,Baroque Pop
Brian Wilson,On Tour,Oglio Entertainment,"12""",,,,"April 18, 2026",,,21.98,Estimated,Pop,Sunshine Pop,Baroque Pop
Bring Me The Horizon,Lo-Files,RCA,2xLP,,,,"April 18, 2026",,,42.98,Estimated,Metal,Metalcore,Alternative Metal
Bruce Kulick from Kiss,Transformer,"Culture Factory USA, Inc.",LP,,,,"April 18, 2026",,,31.98,Estimated,Rock,Hard Rock,Glam Metal
Bruce Kulick from Kiss,Transformer,"Culture Factory USA, Inc.",CD,,,,"April 18, 2026",,,16.98,Estimated,Rock,Hard Rock,Glam Metal
Bruce Springsteen,See.Hear.Now Asbury Park 2024,Legacy Rep,BOXSET,,,,"April 18, 2026",,,59.98,Estimated,Rock,Heartland Rock,Classic Rock
Bruno Mars,Bruno Mars & Friends,Atlantic,LP,,,,"April 18, 2026",,,31.98,Estimated,Pop,R&B,Funk Pop
Bryan Adams,Tough Town,Bad Records,LP,,,,"April 18, 2026",,,31.98,Estimated,Rock,Pop Rock,Classic Rock
Buddy Guy,Sweet Tea (25th Anniversary),Commercial Group,2xLP,,,,"April 18, 2026",2001,Yes,42.98,Estimated,Blues,Electric Blues,Chicago Blues
Buddy Holly,It Is So Easy,Culture Factory (France).,LP,,,,"April 18, 2026",1958,Yes,31.98,Estimated,Rock,Rock and Roll,Rockabilly
Buster Williams,Pinnacle,Time Traveler Recordings,LP,,,,"April 18, 2026",,,31.98,Estimated,Jazz,Post-Bop,Hard Bop
Caamp,Caamp,Caamp,2xLP,,,,"April 18, 2026",,,42.98,Estimated,Rock,Indie Folk,Folk Rock
Cabo Verde Show,Caminho De Esperança Coladance 80,Charly Records,LP,,,,"April 18, 2026",,,31.98,Estimated,World,Afrobeat,Coladeira
"Calvin Harris, Clementine",Douglas Blessings,Columbia,"12""",,,,"April 18, 2026",,,21.98,Estimated,Electronic,Dance Pop,House
Camper Van Beethoven,Tusk,Cooking Vinyl,2xLP,,,,"April 18, 2026",2002,Yes,42.98,Estimated,Rock,Alternative Rock,Indie Rock
Captain Beefheart & The,"Magic Band Lick My Decals Off, Baby (Deluxe Edition)",Rhino / Atlantic,2xLP,,,,"April 18, 2026",,Yes,42.98,Estimated,Rock,Experimental Rock,Art Rock
Cardinals,Cardinals EP,So Young Records,"12""",,,,"April 18, 2026",,,21.98,Estimated,Rock,Alt-Country,Indie Rock
Carina Round,The First Blood Mystery,Do Yourself In,2xLP,,,,"April 18, 2026",,,42.98,Estimated,Rock,Alternative Rock,Singer-Songwriter
Carl Harvey,Ecstacy of Mankind,REAL ROCK RECORDS,LP,,,,"April 18, 2026",,,31.98,Estimated,Reggae,Roots Reggae,Dub
Carly Rae Jepsen,Disco Darling,Silent Records/Interscope,"7""",,,,"April 18, 2026",,,14.98,Estimated,Pop,Synth-Pop,Dance Pop
"Cars, The",Heartbeat City Live,Rhino Atlantic,2xLP,,,,"April 18, 2026",,,42.98,Estimated,Rock,New Wave,Power Pop
CAST,Yeah Yeah Yeah,SCRUFF OF THE NECK,LP,,,,"April 18, 2026",,,31.98,Estimated,Rock,Britpop,Indie Rock
Catherine Anne Davies &,Bernard Butler In Memory Of My Feelings,Needle Mythology,"LP + 7""",,,,"April 18, 2026",,,14.98,Estimated,Pop,Art Pop,Chamber Pop
Cecil Taylor,Fragments - The Complete 1969 Salle Pleyel Concerts,Elemental,Box Set,,,,"April 18, 2026",1969,Yes,59.98,Estimated,Jazz,Free Jazz,Avant-Garde Jazz
Chant Artist Collective,Relics Of Tree Worship (In Dub),Balance,LP,,,,"April 18, 2026",,,31.98,Estimated,Electronic,Ambient,New Age
"Charlatans, The",Then,Beggars Banquet,"12""",,,,"April 18, 2026",,,21.98,Estimated,Rock,Britpop,Madchester
Charles Mingus,Town Hall Concert 1964 Vol. 1,Candid,LP,,,,"April 18, 2026",,,31.98,Estimated,Jazz,Hard Bop,Post-Bop
Charles Tolliver,Charles Tolliver All Stars: Right Now…and Then,Mack Avenue / Strata East,LP,,,,"April 18, 2026",,,31.98,Estimated,Jazz,Hard Bop,Post-Bop
Charli XCX,Party 4U,Atlantic Records,"7""",,,,"April 18, 2026",,,14.98,Estimated,Pop,Hyperpop,Electropop
"Chemical Brothers, The",Leave Home,UMR/Virgin,"12""",,,,"April 18, 2026",,,21.98,Estimated,Electronic,Big Beat,Electronica
Chet Baker,Live in Japan 1987 -FUKUI VOL.1-,SOLID / TOYOKASEI,LP,,,,"April 18, 2026",,,31.98,Estimated,Jazz,Cool Jazz,West Coast Jazz
Chet Baker,Live in Japan 1987 -FUKUI VOL.2-,SOLID / TOYOKASEI,LP,,,,"April 18, 2026",,,31.98,Estimated,Jazz,Cool Jazz,West Coast Jazz
"Chills, The",Sunburnt,Fire Records,LP,,,,"April 18, 2026",,,31.98,Estimated,Rock,Indie Pop,Jangle Pop
Chris Lucey,Songs Of Protest and Anti Protest,Poppydisc,LP,,,,"April 18, 2026",,,31.98,Estimated,Rock,Psychedelic Rock,Folk Rock
CMAT,Diet Baby CMATBABY under exclusive licence to AWAL,Recordings Ltd,"12""",,,,"April 18, 2026",,,21.98,Estimated,Pop,Country Pop,Indie Pop
Coach Party,"Live & Loud from Club Caramel Chess Club 10'' Cold Crush Brothers, The Fresh, Wild, Fly And Bold",Tuff City,"7""",,,,"April 18, 2026",,,14.98,Estimated,Rock,Post-Punk,Indie Rock
Coldcut,Smoke Mirrors,Ninja Tune,LP,,,,"April 18, 2026",,,31.98,Estimated,Electronic,Trip-Hop,Breakbeat
Colonel Bagshot / Brian,"Farrell Oh! What A Lovely War (+ Six Day War 7"")",Seelie Court,"LP + 7""",,,,"April 18, 2026",,,14.98,Estimated,Rock,Psychedelic Rock,Progressive Rock
"Colourfield, The",Deception (Expanded Edition),Chrysalis Records,2xLP,,,,"April 18, 2026",,Yes,42.98,Estimated,Pop,New Wave,Post-Punk
Confidence Man,Active Scenes Vol. One,Chaos/Polydor,"12""",,,,"April 18, 2026",,,21.98,Estimated,Electronic,Electropop,Dance Pop
Conflict,There Must Be Another Way (The Singles),Jungle Records,2xLP,,,,"April 18, 2026",,,42.98,Estimated,Punk,Anarcho-Punk,Hardcore Punk
"Congos, The",Congo Ashanti 2025 Remaster,VP / Greensleeves,LP,,,,"April 18, 2026",,Yes,31.98,Estimated,Reggae,Roots Reggae,Dub
"Cool-Notes, The",The Unreleased Demos,Selector Series,LP,,,,"April 18, 2026",,Yes,31.98,Estimated,R&B/Soul,Boogie,Funk
Corinne Bailey Rae,Live In New York,UMR/EMI,LP,,,,"April 18, 2026",,,31.98,Estimated,R&B/Soul,Neo-Soul,Pop Soul
Cory Wong,Cory Wong And The Green Screen Band,Cory Wong,LP,,,,"April 18, 2026",,,31.98,Estimated,R&B/Soul,Funk,Jazz Fusion
Courteeners,Live in Manchester,Ignition Music,2xLP,,,,"April 18, 2026",,,42.98,Estimated,Rock,Indie Rock,Britpop
Cream,Wheels Of Fire: Live At The Fillmore & Winterland,UMR/Polydor,3xLP,,,,"April 18, 2026",,,54.98,Estimated,Rock,Blues Rock,Psychedelic Rock
"Cribs, The",Selling A Vibe - Gordon Raphael Sessions Play It Again Sam 10'' Crooked Colours Vera,Sweat It Out,LP,,,,"April 18, 2026",,Yes,31.98,Estimated,Rock,Indie Rock,Garage Rock
"Crooked Man, All Seeing I",Return of the Crooked Cat,London Records,"12""",,,,"April 18, 2026",,,21.98,Estimated,Electronic,House,Electro
Crosby Stills & Nash,The Solo albums,Rhino / Elektra,Box Set,,,,"April 18, 2026",1970s,Yes,59.98,Estimated,Rock,Folk Rock,Classic Rock
Cuddly Toys,Guillotine Theatre,Jungle Records,2xLP,,,,"April 18, 2026",,,42.98,Estimated,Rock,Glam Punk,Post-Punk
"Cult, The",Weapon Of Choice,Cooking Vinyl,LP,,,,"April 18, 2026",,,31.98,Estimated,Rock,Post-Punk,Gothic Rock
"Cure, The",Greatest Hits,UMR/Polydor/Fiction,2xLP,,,,"April 18, 2026",,,42.98,Estimated,Rock,Post-Punk,Gothic Rock
"Cure, The",Acoustic Hits (25th Anniversary Edition),UMR/Polydor/Fiction,2xLP,,,,"April 18, 2026",,Yes,42.98,Estimated,Rock,Post-Punk,Gothic Rock
D Train,"The Best of The 12"" Mixes",Prelude,2xLP,,,,"April 18, 2026",,,42.98,Estimated,Electronic,Boogie,Hi-NRG
Dallas Good & Richard Reed,Parry Were 'The Watchtowers',Yep Roc Records,LP,,,,"April 18, 2026",,,31.98,Estimated,Rock,Alt-Country,Indie Rock
Danny Brown,Grown Up,Reservoir Recordings,"7""",,,,"April 18, 2026",,,14.98,Estimated,Hip-Hop,Experimental Hip-Hop,Detroit Rap
Danny Elfman,Mission Impossible 30th Anniversary Edition,Decca Classics,2xLP,,,,"April 18, 2026",,Yes,42.98,Estimated,Soundtrack,Film Score,Orchestral
"Darkness, The","One Way Ticket To Birmingham (Live at The NEC, Birmingham, February 19, 2006)",Warner Records UK,2xLP,,,,"April 18, 2026",,,42.98,Estimated,Rock,Hard Rock,Glam Rock
Darkthrone,As Wolves Among Sheep...Live In Oslo,Peaceville,LP,,,,"April 18, 2026",,,31.98,Estimated,Metal,Black Metal,Death Metal
David Bowie,Hallo Spaceboy,Parlophone,"12""",,,,"April 18, 2026",,,21.98,Estimated,Rock,Art Rock,Glam Rock
David Bowie,Excerpts from Outside,Parlophone,LP,,,,"April 18, 2026",,,31.98,Estimated,Rock,Art Rock,Glam Rock
David Holmes,"This Film's Crap, Let's Slash The Seats",UMR/Polydor,2xLP,,,,"April 18, 2026",,,42.98,Estimated,Electronic,Trip-Hop,Electronica
Dawson Smith,I Don't Know If I Can Make It (Part 1 & 2) (Including Tom Moulton Remix),Selector Series,"7""",,,,"April 18, 2026",,,14.98,Estimated,Rock,Indie Rock,
Deacon Blue,The Great Western Road Trip. A Live Album,Cooking Vinyl,Box Set,,,,"April 18, 2026",,No,59.98,Estimated,Pop,Pop Rock,Blue-Eyed Soul
Deacon Blue,The Great Western Road Trip: A Live Album,Cooking Vinyl,CD,,,,"April 18, 2026",,,16.98,Estimated,Pop,Pop Rock,Blue-Eyed Soul
Dead Or Alive,"The ""Youthquake Tour""",Demon Records,2xLP,,,,"April 18, 2026",,,42.98,Estimated,Pop,Hi-NRG,Synth-Pop
Deafheaven,Live On KEXP: Under The Blue Valley,Roadrunner,"12""",,,,"April 18, 2026",,,21.98,Estimated,Metal,Black Metal,Shoegaze
Def Leppard,Slang,UMR/Mercury,2xLP,,,,"April 18, 2026",,,42.98,Estimated,Rock,Hard Rock,Glam Metal
Delerium,Odyssey: The Remix Collection (25th Anniversary Edition),Nettwerk,2xLP,,,,"April 18, 2026",,Yes,42.98,Estimated,Electronic,Ambient,Trance
Demi Lovato,Frequency,Island US,"7""",,,,"April 18, 2026",,,14.98,Estimated,Pop,Pop Rock,Dance Pop
Dijon,How Do You Feel About Getting,Warner Records,LP,,,,"April 18, 2026",,,31.98,Estimated,R&B/Soul,Indie R&B,Folk Soul
Dinosaur Jr,Live In Hollywood 1991 (The Green Mind Tour),CHERRY RED,LP,,,,"April 18, 2026",,,31.98,Estimated,Rock,Alternative Rock,Indie Rock
Diplo,Diplo,Sweat It Out,3xLP,,,,"April 18, 2026",,,54.98,Estimated,Electronic,EDM,Dancehall
Divorce,Live at Get Together 2025 for War Child,Gravity,"12""",,,,"April 18, 2026",,,21.98,Estimated,Rock,Post-Punk,Indie Rock
DJ BORING,Winona 2026,DJ BORING (self-released),"12""",,,,"April 18, 2026",,,21.98,Estimated,Electronic,House,Lo-Fi House
DJ KOCO,Cuba 45 Boxset Curated by DJ KOCO Mr Bongo Records Boxset Doctor Who The Rescue,Demon Records,LP,,,,"April 18, 2026",,,31.98,Estimated,Hip-Hop,Turntablism,DJ Mix
Don Cherry,Blue Lake,Charly Records,2LP,,,,"April 18, 2026",,,42.98,Estimated,Jazz,Free Jazz,World Fusion
"Doors, The",Strange Days 1967: A work in progress Pt 2,Rhino,LP,,,,"April 18, 2026",,,31.98,Estimated,Rock,Psychedelic Rock,Blues Rock
doPE (John Densmore &,Chuck D) No Country For Old Men,ORG MUSIC,LP,,,,"April 18, 2026",,,31.98,Estimated,Rock,Experimental Rock,Rap Rock
Dr John & The WDR Big,Band Big Band Voodoo,Orange Music Records,2xLP,,,,"April 18, 2026",,,42.98,Estimated,R&B/Soul,New Orleans R&B,Jazz Funk
Dr. Feelgood,Oily City Confidential OST,Rhino,2xLP,,,,"April 18, 2026",,,42.98,Estimated,Rock,Pub Rock,Blues Rock
"Dream Syndicate, The",Sketches For Medicine Show,Fire Records,LP,,,,"April 18, 2026",,,31.98,Estimated,Rock,Paisley Underground,Alternative Rock
Earth,Extra-Capsular Extraction,Fire Records,LP,,,,"April 18, 2026",,,31.98,Estimated,Metal,Drone Metal,Doom Metal
Eastern Dark,Julie Is A Junkie / Johnny And Dee Dee GROWN UP WRONG,RECORDS,"7""",,,,"April 18, 2026",,,14.98,Estimated,Rock,Power Pop,Indie Rock
Electronic,1996 Remixes 1999,Parlophone,LP,,,,"April 18, 2026",,,31.98,Estimated,Electronic,Synth-Pop,Alternative Dance
Elton John,Positiva Presents: Elton John - The Remixes,Positiva/EMI,LP,,,,"April 18, 2026",Various,Yes,31.98,Estimated,Pop,Pop Rock,Piano Pop
Emika,Untitled,Emika Records,LP,,,,"April 18, 2026",,,31.98,Estimated,Electronic,Dubstep,Experimental Electronic
Empire of The Sun,Walking On A Dream (Expanded Edition),UMG Australia,2xLP,,,,"April 18, 2026",,Yes,42.98,Estimated,Electronic,Synth-Pop,Electropop
En Vogue,EV3,Real Gone Music,2xLP,,,,"April 18, 2026",,,42.98,Estimated,R&B/Soul,New Jack Swing,Pop Soul
English Teacher,Nearly Daffodils / Nearly Daffodils (Matt Maltese Rework),UMR/Island,"7""",,,,"April 18, 2026",,,14.98,Estimated,Rock,Post-Punk,Art Rock
Enos McLeod,Moods Of A Genius,LANTERN REC.,LP,,,,"April 18, 2026",,,31.98,Estimated,Reggae,Roots Reggae,Dub
Epic Soundtracks,Debris,Glass Modern,LP,,,,"April 18, 2026",,,31.98,Estimated,Rock,Post-Punk,Indie Rock
Essential Logic,Extended Play – Volume I & Volume II,Hiss And Shake Records,LP,,,,"April 18, 2026",,,31.98,Estimated,Rock,Post-Punk,No Wave
Ethel Cain,Inbred,Amigo / AWAL,"12""",,,,"April 18, 2026",,,21.98,Estimated,Rock,Indie Rock,Slowcore
"Everly Brothers, The",Bye Bye Love,Culture Factory (France).,LP,,,,"April 18, 2026",,,31.98,Estimated,Rock,Rock and Roll,Country Rock
Fabio Frizzi / Goblin,Amore Libero OST,AMS,LP,,,,"April 18, 2026",,,31.98,Estimated,Soundtrack,Horror Soundtrack,Progressive Rock
Faith NYC,Love Is A Wish Away,Creation Youth,LP,,,,"April 18, 2026",,,31.98,Estimated,Electronic,House,Deep House
Faithless,To All New Arrivals,Commercial Group,2xLP,,,,"April 18, 2026",,,42.98,Estimated,Electronic,Dance,Trance
Fall Out Boy,Live At Madison Square Garden 2024,Fueled By Ramen,Box Set,,,,"April 18, 2026",,No,59.98,Estimated,Rock,Pop Punk,Emo
"Fall, The",Are You Are Missing Winner,CHERRY RED,LP,,,,"April 18, 2026",,,31.98,Estimated,Rock,Post-Punk,Indie Rock
"Fantastic Aleems, The",Movin' To The Beat,NIA,"12""",,,,"April 18, 2026",,,21.98,Estimated,R&B/Soul,Funk,Boogie
Far Caspian,Live in the Round at Leeds City Museum,Tiny Library Records,LP,,,,"April 18, 2026",,,31.98,Estimated,Rock,Indie Rock,Dream Pop
Fear Factory,Digimortal,Real Gone Music,2xLP,,,,"April 18, 2026",,,42.98,Estimated,Metal,Industrial Metal,Groove Metal
Feeder,Feel It Again,Echo,LP,,,,"April 18, 2026",,,31.98,Estimated,Rock,Alternative Rock,Post-Grunge
Fionn Regan,The Bunkhouse Vol. 1: Anchor Black Tattoo,Fionn Regan Music,LP,,,,"April 18, 2026",,,31.98,Estimated,Folk,Indie Folk,Singer-Songwriter
Fleetwood Mac,The Original Fleetwood Mac,Commercial Group,2xLP,,,,"April 18, 2026",,,42.98,Estimated,Rock,Soft Rock,Pop Rock
"Flintstones, The","Happy By My Side (7"")",Seelie Court,"7""",,,,"April 18, 2026",,,14.98,Estimated,Soundtrack,Children's,TV Soundtrack
Flying Lotus,1983,Brainfeeder,LP,,,,"April 18, 2026",,,31.98,Estimated,Electronic,Experimental Hip-Hop,IDM
Foreigner,Foreigner 4 Live Tour 1981-1982,Rhino / Atlantic,2xLP,,,,"April 18, 2026",,,42.98,Estimated,Rock,Arena Rock,Hard Rock
Francoise Hardy,J'suis d'accord / Tous les garçons et les filles de mon âge,SME France,"7""",,,,"April 18, 2026",,,14.98,Estimated,Pop,Chanson,Yé-Yé
Frankie Cosmos,Next Thing (10th Anniversary Edition),Bayonet Records,LP,,,,"April 18, 2026",,Yes,31.98,Estimated,Rock,Indie Pop,Lo-Fi Indie
Frankie Goes To Hollywood,Radio One Sessions 1982-1983,UMR/ZTT,LP,,,,"April 18, 2026",,Yes,31.98,Estimated,Pop,Synth-Pop,New Wave
Freddie King,Feeling Alright - The Complete Jazz Pulsation Concert 1975,Elemental,Box Set,,,,"April 18, 2026",1975,Yes,59.98,Estimated,Blues,Electric Blues,Texas Blues
Freddie McGregor,Showcase,Observer / Prestige Elite,LP,,,,"April 18, 2026",,,31.98,Estimated,Reggae,Lovers Rock,Dancehall
Freeman,Freeman,Partisan Records,LP,,,,"April 18, 2026",,,31.98,Estimated,Rock,Alternative Rock,Indie Rock
French Dogs,French Dogs EP,Ciao Ketchup Recordings,"12""",,,,"April 18, 2026",,,21.98,Estimated,Rock,Indie Rock,
Funkadelic,Funkadelic,ORG MUSIC,LP,,,,"April 18, 2026",,,31.98,Estimated,R&B/Soul,P-Funk,Psychedelic Funk
Gary Marks,Crossroads,LANTERN HEIGHTS,LP,,,,"April 18, 2026",,,31.98,Estimated,Rock,Singer-Songwriter,
Gay Dad,Leisure Noise,London Records,LP,,,,"April 18, 2026",,,31.98,Estimated,Rock,Britpop,Indie Rock
"Gentle Waves, The",The Green Fields Of Foreverland,Cooking Vinyl,LP,,,,"April 18, 2026",,,31.98,Estimated,Pop,Chamber Pop,Indie Pop
George Dekker,Man In The Street,Room In The Sky,LP,,,,"April 18, 2026",,,31.98,Estimated,Reggae,Ska,Rocksteady
George Harrison,Dark Horse,Dark Horse Records,LP,,,,"April 18, 2026",,,31.98,Estimated,Rock,Classic Rock,Folk Rock
George Harrison,Extra Texture,Dark Horse Records,LP,,,,"April 18, 2026",,,31.98,Estimated,Rock,Classic Rock,Folk Rock
George Jones,Cold Hard Truth,Rhino / Asylum,LP,,,,"April 18, 2026",,,31.98,Estimated,Country,Honky-Tonk,Classic Country
Ghost Funk Orchestra,Live in Europe,Karma Chief Records,LP,,,,"April 18, 2026",,,31.98,Estimated,R&B/Soul,Funk,Psychedelic Soul
Giant Syndicate,Live at Fire 40,Fire Records,LP,,,,"April 18, 2026",,,31.98,Estimated,Rock,Indie Rock,
Gigi Perez,Live From VEVO DSCVR,Island,"7""",,,,"April 18, 2026",,,14.98,Estimated,Pop,Indie Pop,Dark Pop
Gil Scott-Heron,Reflections,Culture Factory (France).,LP,,,,"April 18, 2026",,,31.98,Estimated,R&B/Soul,Spoken Word,Jazz Funk
Gil Scott-Heron,Reflections,Culture Factory (France).,CD,,,,"April 18, 2026",,,16.98,Estimated,R&B/Soul,Spoken Word,Jazz Funk
Girlschool,Live From The Camden Palace,Culture Factory (France).,2xLP,,,,"April 18, 2026",,,42.98,Estimated,Metal,NWOBHM,Heavy Metal
Girlschool,Live From The Camden Palace,Culture Factory (France).,CD,,,,"April 18, 2026",,,16.98,Estimated,Metal,NWOBHM,Heavy Metal
"Gits, The",Etcetera,Sub Pop,LP,,,,"April 18, 2026",,,31.98,Estimated,Rock,Punk,Grunge
Goblin,The Singles Collection 1975-1979,CINEVOX/AMS,LP,,,,"April 18, 2026",,,31.98,Estimated,Soundtrack,Horror Soundtrack,Progressive Rock
Gong,Flying Teapot,Charly Records,LP,,,,"April 18, 2026",,,31.98,Estimated,Rock,Progressive Rock,Space Rock
Good Kid,Can We Hang Out Sometime?,Many Hats Distribution,LP,,,,"April 18, 2026",,,31.98,Estimated,Rock,Indie Rock,Emo
Gotan Project,Best Of,Yabasta Records,2xLP,,,,"April 18, 2026",,,42.98,Estimated,Electronic,Electro Tango,Downtempo
Grady Tate,Lady Love / Moondance,Janus,"7""",,,,"April 18, 2026",,,14.98,Estimated,Jazz,Vocal Jazz,Hard Bop
Grateful Dead,"Boston Music Hall, Boston, MA 6/11/76",RBDO,5xLP,,,,"April 18, 2026",,,79.98,Estimated,Rock,Jam Band,Psychedelic Rock
Grateful Dead,"On A Back Porch , Vol 3",RBD2171,Box Set,,,,"April 18, 2026",1970s,Yes,59.98,Estimated,Rock,Jam Band,Psychedelic Rock
Greg Dread (Dreadzone) feat.,Don Letts presents Serious Dropout,Echo Beach,LP,,,,"April 18, 2026",,,31.98,Estimated,Electronic,Dub,Breakbeat
Greg Lake,Manoeuvres,Trading Places,LP,,,,"April 18, 2026",,,31.98,Estimated,Rock,Progressive Rock,Art Rock
Guarani Kaiowa ftg. Matt,"Black, Youth & Tymon Dogg Shamans in Space",Liquid Sound Design,"12""",,,,"April 18, 2026",,,21.98,Estimated,World,Latin,Experimental
HAIM,Relationships EP,Polydor,"12""",,,,"April 18, 2026",,,21.98,Estimated,Pop,Pop Rock,Soft Rock
Half Japanese,We Are They Who Ache With Amorous Love,Fire Records,LP,,,,"April 18, 2026",,,31.98,Estimated,Rock,Noise Rock,Lo-Fi
Harlem Underground Band/,Mighty Tom Cats Smokin' Cheeba-Cheeba / Dance Girl,Paul Winley Records,"7""",,,,"April 18, 2026",,,14.98,Estimated,R&B/Soul,Disco,Funk
Hawkwind,Palace Springs,ATOMHENGE,LP,,,,"April 18, 2026",,,31.98,Estimated,Rock,Space Rock,Psychedelic Rock
"Heliocentrics, The & Marshall",Allen & Knoel Scott & Bilal Nuclear War,Strut Records,LP,,,,"April 18, 2026",,,31.98,Estimated,Jazz,Jazz Funk,Afrobeat
Hemlocke Springs,Going...Going...GONE!,AWAL,"12""",,,,"April 18, 2026",,,21.98,Estimated,Pop,Indie Pop,Art Pop
Hilary Duff,(Mine),Atlantic,LP,,,,"April 18, 2026",,,31.98,Estimated,Pop,Teen Pop,Dance Pop
Hollie Cook,Shy Girl Dub,Mr Bongo Records,LP,,,,"April 18, 2026",,,31.98,Estimated,Reggae,Lovers Rock,Tropical Pop
Holly Humberstone,TBC,Polydor,"7""",,,,"April 18, 2026",,,14.98,Estimated,Pop,Indie Pop,Alt-Pop
Hooveriii,Destroya (10 Year Anniversary) The Reverberation,Appreciation Society,"12""",,,,"April 18, 2026",,Yes,21.98,Estimated,Rock,Psychedelic Rock,Krautrock
Horace Andy,"Voice In Sound, The",Echo Beach,LP,,,,"April 18, 2026",,,31.98,Estimated,Reggae,Roots Reggae,Dub
Horslips,Tell 'Em About It Johnny - Live At Winterland 1978,Madfish,LP,,,,"April 18, 2026",,,31.98,Estimated,Rock,Celtic Rock,Progressive Rock
Hot Chip,Selected Remixes 06-10,Domino Records,2xLP,,,,"April 18, 2026",,,42.98,Estimated,Electronic,Synth-Pop,Electropop
"House Of Love, The",Live At ULU (7 October 1988),CHERRY RED,LP,,,,"April 18, 2026",,,31.98,Estimated,Rock,Indie Rock,Shoegaze
Howe Gelb,Confluence,Fire Records,LP,,,,"April 18, 2026",,,31.98,Estimated,Rock,Alt-Country,Indie Rock
Hugh Mundell,Arise,REAL ROCK RECORDS,LP,,,,"April 18, 2026",,,31.98,Estimated,Reggae,Roots Reggae,Dub
"Human League, The","Being Boiled (Expanded 12"" single)",CHERRY RED,"12""",,,,"April 18, 2026",,Yes,21.98,Estimated,Electronic,Synth-Pop,New Wave
I-Roy,Crisus Time,Charly Records,LP,,,,"April 18, 2026",,,31.98,Estimated,Reggae,Toasting,Dub
Ian Brown,Music of the Spheres (Special 25th Anniversary Edition),UMR/Polydor UK,2xLP,,,,"April 18, 2026",,Yes,42.98,Estimated,Rock,Madchester,Indie Rock
Ian Dury & The Blockheads,Live in London 1980,Demon Records,2xLP,,,,"April 18, 2026",,,42.98,Estimated,Rock,Pub Rock,New Wave
Idris Mohammad,Kabsha,Evidence Music,LP,,,,"April 18, 2026",,,31.98,Estimated,Jazz,Jazz Funk,Soul Jazz
Ike White,Changin' Times,Rhino,LP,,,,"April 18, 2026",,,31.98,Estimated,R&B/Soul,Funk,Soul
Iris DeMent,The Way I Should,Yep Roc Records,LP,,,,"April 18, 2026",,,31.98,Estimated,Country,Americana,Folk
Israel Vibration,Vibes Alive,R.A.S Records,2xLP,,,,"April 18, 2026",,,42.98,Estimated,Reggae,Roots Reggae,
Jack Garratt,The Tension Between,Cooking Vinyl,LP,,,,"April 18, 2026",,,31.98,Estimated,Pop,Electropop,Indie Pop
Jack Garratt,The Tension Between,Cooking Vinyl,CD,,,,"April 18, 2026",,,16.98,Estimated,Pop,Electropop,Indie Pop
Jackie Mitoo,In Cold Blood,VP / Greensleeves,LP,,,,"April 18, 2026",,,31.98,Estimated,Reggae,Ska,Rocksteady
Jackson C Frank,Jackson C Frank,Sanctuary,2xLP,,,,"April 18, 2026",1965,Yes,42.98,Estimated,Folk,Singer-Songwriter,British Folk
Jah Wobble,The Early Years 1983-1986,LANTERN REC.,LP,,,,"April 18, 2026",,,31.98,Estimated,Electronic,Dub,Post-Punk
"James Carter, Cyrus","Chestnut, Ali Jackson, & Reginald Veal Gold Soundz: A Jazz Tribute To Pavement",Modern Harmonic,2xLP,,,,"April 18, 2026",,,42.98,Estimated,Jazz,Hard Bop,Post-Bop
James Dean Bradfield,The Great Western,Commercial Group,LP,,,,"April 18, 2026",,,31.98,Estimated,Rock,Alternative Rock,Britpop
Jamie Cullum,The Song Society Playlist,UMR/Island,LP,,,,"April 18, 2026",,,31.98,Estimated,Jazz,Jazz Pop,Vocal Jazz
Jane Weaver,Intiaani Kesa,Fire Records,LP,,,,"April 18, 2026",,,31.98,Estimated,Electronic,Psychedelic Pop,Krautrock
"Jayhawks, The",2 Meter Sessions,Charly Records,LP,,,,"April 18, 2026",,Yes,31.98,Estimated,Rock,Alt-Country,Americana
Jeff Buckley,Live A L'Olympia,Legacy Rep,2xLP,,,,"April 18, 2026",,,42.98,Estimated,Rock,Alternative Rock,Singer-Songwriter
Jerry Garcia,Reflections,ROUND RECORDS,Box Set,,,,"April 18, 2026",1976,Yes,59.98,Estimated,Rock,Jam Band,Psychedelic Rock
Jerry Jeff Walker,Navajo Rug (35th Anniversary),Jerry Jeff Walker,"12""",,,,"April 18, 2026",,Yes,21.98,Estimated,Country,Outlaw Country,Americana
"Jesus and Mary Chain, The",Some Candy Talking (40th Anniversary),Warner Music UK,"12""",,,,"April 18, 2026",,Yes,21.98,Estimated,Rock,Noise Pop,Shoegaze
Jimmy Cobb Quartet,Jazz In The Key Of Blue,Chesky Records,LP,,,,"April 18, 2026",,,31.98,Estimated,Jazz,Hard Bop,Post-Bop
Jocelyn Brown,Somebody Else's Guy,Prelude,"12""",,,,"April 18, 2026",,,21.98,Estimated,R&B/Soul,Disco,Dance
Joe Henderson,Live at the Jazz Showcase,Resonance Records,2xLP,,,,"April 18, 2026",,,42.98,Estimated,Jazz,Hard Bop,Post-Bop
Joe Strummer & The,Mescaleros Global a Go Go,Dark Horse Records,2xLP,,,,"April 18, 2026",,,42.98,Estimated,Rock,Punk,Post-Punk
John Coltrane,From Form To Spirit,Culture Factory (France).,3xLP,,,,"April 18, 2026",,,54.98,Estimated,Jazz,Hard Bop,Free Jazz
John Coltrane,The Tiberi Tapes: A Preview Of The Mythic Recordings,Verve US,LP,,,,"April 18, 2026",,,31.98,Estimated,Jazz,Hard Bop,Free Jazz
John Coltrane Quartet,France 1965: The Complete Concerts,Charly Records,4xLP,,,,"April 18, 2026",,Yes,69.98,Estimated,Jazz,Hard Bop,Free Jazz
John Frusciante,To Only Record Water For 10 days,Rhino Warner,2xLP,,,,"April 18, 2026",,,42.98,Estimated,Rock,Alternative Rock,Experimental
John Lennon,Love Meditation Mixes,UMR/Calderstone,3LP,,,,"April 18, 2026",1970,Yes,54.98,Estimated,Rock,Classic Rock,Art Pop
John Prine,Found Dogs,Oh Boy Records,LP,,,,"April 18, 2026",,,31.98,Estimated,Folk,Country Folk,Singer-Songwriter
John Prine,BBC Sessions,Rhino,LP,,,,"April 18, 2026",,Yes,31.98,Estimated,Folk,Country Folk,Singer-Songwriter
Joni Mitchell,For The Roses,Asylum / Warner Records,LP,,,,"April 18, 2026",1972,Yes,31.98,Estimated,Folk,Singer-Songwriter,Folk Rock
Joy Crookes,Juniper - BBC Maida Vale Live Sessions,Insanity,LP,,,,"April 18, 2026",,Yes,31.98,Estimated,Pop,Neo-Soul,Indie Pop
Judas Priest,Live In Los Angeles 90,Commercial Group,LP,,,,"April 18, 2026",,,31.98,Estimated,Metal,Heavy Metal,NWOBHM
Junkie XL,Saturday Teenage Kick,Real Gone Music,2xLP,,,,"April 18, 2026",,,42.98,Estimated,Electronic,Big Beat,Film Score
"K's, The",Pretty On The Internet,Lab Records,2xLP,,,,"April 18, 2026",,,42.98,Estimated,Rock,Indie Rock,
Kae Tempest,Self Titled (Stripped),Island,LP,,,,"April 18, 2026",,,31.98,Estimated,Hip-Hop,Spoken Word,Conscious Hip-Hop
Kaiser Chiefs,Kaiser Chiefs - The Future is Medieval - Alphabetised Compendium,UMR/Polydor,2xLP,,,,"April 18, 2026",,,42.98,Estimated,Rock,Indie Rock,Britpop
KATSEYE,"Touch / Gabriela - Tour Arrangements & Acapella Versions (12"" Vinyl)",HYBE/Geffen,"12""",,,,"April 18, 2026",,,21.98,Estimated,Pop,K-Pop,Dance Pop
KH,Remixes,Ministry,"12""",,,,"April 18, 2026",,,21.98,Estimated,Electronic,House,Techno
Khruangbin,White Gloves ii / M. Blanc,Dead Oceans,"7""",,,,"April 18, 2026",,,14.98,Estimated,Rock,Psychedelic Rock,Funk
King Crimson,"Penn State 29 June, 1974",Panegyric,2xLP,,,,"April 18, 2026",,,42.98,Estimated,Rock,Progressive Rock,Art Rock
King Gizzard & The Lizard,Wizard Live Around The Globe - Part VI: The Acoustic Concert,Blind Rope Records,LP,,,,"April 18, 2026",,,31.98,Estimated,Rock,Psychedelic Rock,Garage Rock
King Gizzard & The Lizard,Wizard Big Fig Wasp,Having Fun Records,LP,,,,"April 18, 2026",,,31.98,Estimated,Rock,Psychedelic Rock,Garage Rock
"Kinks, The",One For The Road BMG Rights Management,(UK) Ltd.,LP,,,,"April 18, 2026",,,31.98,Estimated,Rock,British Invasion,Mod
KISS,1976 Special KISS Tour EP,UMe,"12""",,,,"April 18, 2026",,,21.98,Estimated,Rock,Hard Rock,Glam Rock
Kodaline,In A Perfect World (expanded),Commercial Group,2xLP,,,,"April 18, 2026",,Yes,42.98,Estimated,Rock,Indie Rock,Pop Rock
Kokoroko,Live At Metropolis,Brownswood,"12""",,,,"April 18, 2026",,,21.98,Estimated,Jazz,Afrobeat,Jazz Fusion
"KPop Demon Hunters Cast,","HUNTR/X, Saja Boys KPop Demon Hunters (Soundtrack from the Netflix Film) - HUNTR/X Edition (Record Store Day Exclusive)",Republic,LP,,,,"April 18, 2026",,,31.98,Estimated,Soundtrack,K-Pop,TV Soundtrack
"KPop Demon Hunters Cast,","HUNTR/X, Saja Boys KPop Demon Hunters (Soundtrack from the Netflix Film) - Saja Boys Edition (Record Store Day Exclusive)",Republic,LP,,,,"April 18, 2026",,,31.98,Estimated,Soundtrack,K-Pop,TV Soundtrack
Kraan,Aladin Tapes,36Music,2xLP,,,,"April 18, 2026",,,42.98,Estimated,Rock,Krautrock,Jazz Fusion
Kula Shaker,Good Money (Jagz Kooner's 'The Midnight Circus' Remix),Strange F.O.L.K. LLP,LP,,,,"April 18, 2026",,,31.98,Estimated,Rock,Psychedelic Rock,Britpop
Labi Siffre,Crying Laughing Loving Lying Expanded Edition,Demon Records,2xLP,,,,"April 18, 2026",,Yes,42.98,Estimated,R&B/Soul,Soul,Singer-Songwriter
Lanu,The Double Sunrise,Impressed Recordings,LP,,,,"April 18, 2026",,,31.98,Estimated,Electronic,Downtempo,Nu Jazz
"Last Dinner Party, The",The Scythe / Second Best (Live From The Pyre),Island,"7""",,,,"April 18, 2026",,,14.98,Estimated,Rock,Art Rock,Baroque Pop
"Lathums, The","Gull In The Wind Modern Sky UK 10'' Laura Marling Laura Marling - Live at Albert Hall, Manchester",Chrysalis Records,2xLP,,,,"April 18, 2026",,,42.98,Estimated,Rock,Indie Rock,Britpop
Lenny Kaye's Nuggets Band,Live At The BBC,Cadiz Music,"10""",,,,"April 18, 2026",,,19.98,Estimated,Rock,Garage Rock,Psychedelic Rock
Leon Russell,Best of Hank Wilson,Dark Horse Records,2xLP,,,,"April 18, 2026",,,42.98,Estimated,Rock,Southern Rock,Swamp Rock
Leslie Butler,Ja-Gan,Trojan Records,LP,,,,"April 18, 2026",,,31.98,Estimated,Reggae,Ska,Rocksteady
Levitation Room,Ethos,Greenway Records,"12""",,,,"April 18, 2026",,,21.98,Estimated,Rock,Psychedelic Rock,Neo-Psychedelia
Lightning Seeds,Quarrelsome Moments: B-Sides and Rarities,Commercial Group,LP,,,,"April 18, 2026",,,31.98,Estimated,Pop,Indie Pop,Power Pop
Lil Peep,crybaby,AWAL,"12""",,,,"April 18, 2026",,,21.98,Estimated,Hip-Hop,Emo Rap,SoundCloud Rap
Little Annie,Short & Sweet (Expanded Edition),On-U Sound,2xLP,,,,"April 18, 2026",,Yes,42.98,Estimated,Rock,Avant-Garde,Cabaret
Little Feat,Little Feat,Rhino,2xLP,,,,"April 18, 2026",,,42.98,Estimated,Rock,Southern Rock,Blues Rock
Living Legends,The Gathering,"Legendary Music, LLC",LP,,,,"April 18, 2026",,,31.98,Estimated,Hip-Hop,Underground Hip-Hop,West Coast Hip-Hop
London Cowboys,Animal Pleasure + Tall in the Saddle & more,Jungle Records,2xLP,,,,"April 18, 2026",,,42.98,Estimated,Rock,Punk,Glam Punk
Lonnie Sattin,Caravan / Uska Dara,PANORAMA,"7""",,,,"April 18, 2026",,,14.98,Estimated,R&B/Soul,Soul,Gospel
Look Outside Your Window,Look Outside Your Window,Look Outside Your Window,LP,,,,"April 18, 2026",,,31.98,Estimated,Rock,Experimental Rock,Art Rock
Louis Dunford,Live in North London,RCA,LP,,,,"April 18, 2026",,,31.98,Estimated,Folk,Indie Folk,Singer-Songwriter
Louise,Confessions (Extended Editions),Lil Lou Records Ltd,LP,,,,"April 18, 2026",,,31.98,Estimated,Pop,Dance Pop,Pop R&B
Love with Johnny Echols,"Love & Let Live - Live At The Beachland Ballroom & Tavern, Cleveland, Ohio - April 30th 2025",Madfish,LP,,,,"April 18, 2026",,,31.98,Estimated,Rock,Psychedelic Rock,Folk Rock
Lucy Dacus,New Song,Geffen,"7""",,,,"April 18, 2026",,,14.98,Estimated,Rock,Indie Rock,Singer-Songwriter
Ludovico Einaudi,Divenire 20th Anniversary Edition,Decca Records,2xLP,,,,"April 18, 2026",,Yes,42.98,Estimated,Classical,Minimalism,Contemporary Classical
Ludus,The Seduction,LANTERN REC.,2xLP,,,,"April 18, 2026",,,42.98,Estimated,Rock,Post-Punk,No Wave
Lunachicks,"Beauty Tips, Hair Care and Fuck the Patriarchy",Manic Merch,LP,,,,"April 18, 2026",,,31.98,Estimated,Rock,Punk,Riot Grrrl
M People,Northern Soul,Commercial Group,2xLP,,,,"April 18, 2026",,,42.98,Estimated,Electronic,Dance,House
"Mad X, Tara Lew and Meelo",Medina Feeling It / Babylon Time Dun,Room In The Sky,"7""",,,,"April 18, 2026",,,14.98,Estimated,Electronic,Dance,DJ Mix
Maddy Prior & June Tabor,Silly Sisters,Chrysalis Catalogue,LP,,,,"April 18, 2026",1976,Yes,31.98,Estimated,Folk,British Folk,Traditional Folk
Madness,Faces For Radio - The BBC Sessions 1979-1982 West Village Music,Management,LP,,,,"April 18, 2026",,Yes,31.98,Estimated,Rock,Ska,New Wave
Madonna,The Confessions Tour Live,Warner Records,2xLP,,,,"April 18, 2026",,,42.98,Estimated,Pop,Dance Pop,Electropop
Mal-One,God Save Us From Misery E.P.,Punk Art Records,"12""",,,,"April 18, 2026",,,21.98,Estimated,Rock,Punk,Art Punk
"March Violets, The",Natural History,Jungle Records,LP,,,,"April 18, 2026",,,31.98,Estimated,Rock,Gothic Rock,Post-Punk
Mark Knopfler and Emmylou,Harris All The Roadrunning,UMR/EMI,2xLP,,,,"April 18, 2026",,,42.98,Estimated,Rock,Roots Rock,Americana
Mark Lanegan Band,Bubblegum (Original Draft),Beggars Banquet,2xLP,,,,"April 18, 2026",,,42.98,Estimated,Rock,Alternative Rock,Grunge
Mark Murphy,The 1966 Manchester Sessions - Live at Club 43,Jazz Rewind (Hindsight),2xLP,,,,"April 18, 2026",,Yes,42.98,Estimated,Jazz,Vocal Jazz,Bebop
Mark Ronson & RAYE,Suzanne,Columbia,"12""",,,,"April 18, 2026",,,21.98,Estimated,Pop,Dance Pop,Nu-Disco
Markolino Dimond,Brujeria,UMR/Concord,LP,,,,"April 18, 2026",,,31.98,Estimated,Reggae,Lovers Rock,Roots Reggae
Marshall Crenshaw,The Bootleg Sounds of Marshall Crenshaw 1984- 1989,Yep Roc Records,LP,,,,"April 18, 2026",,,31.98,Estimated,Rock,Power Pop,New Wave
"Mary Wallopers, The",A Mouthful of Mary Wallopers BC Records 10'' Massive Wagons Full Nelson,Earache Records,LP,,,,"April 18, 2026",,,31.98,Estimated,Folk,Irish Folk,Punk Folk
Matt Maltese,Good Morning It's Now Tomorrow (5th Anniversary Collector's Edition),Nettwerk,2xLP,,,,"April 18, 2026",,Yes,42.98,Estimated,Pop,Chamber Pop,Indie Pop
Mayday Parade,Tales Told By Dead Friends,UMR/Concord,LP,,,,"April 18, 2026",,,31.98,Estimated,Rock,Pop Punk,Emo
MC 900 Ft. Jesus,Welcome To My Dream (35th Anniversary Expanded Edition),Nettwerk,2xLP,,,,"April 18, 2026",,Yes,42.98,Estimated,Hip-Hop,Experimental Hip-Hop,Trip-Hop
Megadeth,Hidden Treasures,UMe,LP,,,,"April 18, 2026",,,31.98,Estimated,Metal,Thrash Metal,Speed Metal
Meiko Kaji,Urami Bushi/Shura No Hana Teichiku Entertainment /,TOYOKASEI,"12""",,,,"April 18, 2026",,,21.98,Estimated,Soundtrack,Japanese Film Score,Enka
Melanie B,Hot,UMR/Virgin,LP,,,,"April 18, 2026",,,31.98,Estimated,Pop,Dance Pop,R&B Pop
Melody Gardot,Bye Bye Blackbird,Fontana,"12"" EP",,,,"April 18, 2026",,,19.98,Estimated,Jazz,Vocal Jazz,Jazz Pop
"Men They Couldn't Hang,",The Devil On The Wind,Vinyl Star,LP,,,,"April 18, 2026",,,31.98,Estimated,Folk,Folk Punk,Celtic Punk
"Meteors, The",From Zorch with Love: The Very Best of the Meteors 1981-1997,Culture Factory (France).,2xLP,,,,"April 18, 2026",,,42.98,Estimated,Rock,Psychobilly,Rockabilly
Metronomy,B- Sides & Rarities,Because Music,LP,,,,"April 18, 2026",,,31.98,Estimated,Electronic,Synth-Pop,Indie Electronic
Michael Schenker Group,Best of Live MSG – 1980 – 1984,Chrysalis Catalogue,LP,,,,"April 18, 2026",,,31.98,Estimated,Rock,Hard Rock,Heavy Metal
"Mighty Rootsmen, The",Strike Back (Volume 2),Bulletproof,LP,,,,"April 18, 2026",,,31.98,Estimated,Reggae,Roots Reggae,Dub
Miguel Tur,Junto Al Mar (Deluxe Edition),Deja Vu Kid,LP,,,,"April 18, 2026",,Yes,31.98,Estimated,Electronic,Deep House,Minimal Techno
Mike Peters of The Alarm,Feel Free The 21st Century Recording,Company,LP,,,,"April 18, 2026",,,31.98,Estimated,Rock,Post-Punk,New Wave
Miles Davis,Lady Be Good: Live in Europe with The Birdland All-Stars,Unique Jazz,LP,,,,"April 18, 2026",,,31.98,Estimated,Jazz,Modal Jazz,Jazz Fusion
Miles Davis,From Bebop To Blue,Culture Factory (France).,3xLP,,,,"April 18, 2026",,,54.98,Estimated,Jazz,Modal Jazz,Jazz Fusion
Miles Davis,"The New Sounds (Mono 10"") UMR/Concord 10'' Misfits Famous Monsters",Rhino Atlantic,LP,,,,"April 18, 2026",,,31.98,Estimated,Jazz,Modal Jazz,Jazz Fusion
"Misunderstood, The",Complete Recordings,Trading Places,LP,,,,"April 18, 2026",,Yes,31.98,Estimated,Rock,Psychedelic Rock,Garage Rock
"MK, Chrystal",Dior,Columbia,"12""",,,,"April 18, 2026",,,21.98,Estimated,Electronic,House,Deep House
Modern Eon,Fiction Tales,LANTERN REC.,LP,,,,"April 18, 2026",,,31.98,Estimated,Rock,Post-Punk,New Wave
"Modern Lovers, The",The Modern Lovers,BMG,LP,,,,"April 18, 2026",1976,Yes,31.98,Estimated,Rock,Proto-Punk,Garage Rock
Morcheeba,Escape The Chaos (The Remixes),100% Records,LP,,,,"April 18, 2026",,,31.98,Estimated,Electronic,Trip-Hop,Downtempo
Motorhead,On Parole,Warner Music UK,LP,,,,"April 18, 2026",,,31.98,Estimated,Metal,Speed Metal,Heavy Metal
Motörhead,The Lost Tapes Vol.7,BMG,2xLP,,,,"April 18, 2026",,,42.98,Estimated,Metal,Speed Metal,Heavy Metal
Motörhead,MOTORHEAD,Chiswick,LP,,,,"April 18, 2026",,,31.98,Estimated,Metal,Speed Metal,Heavy Metal
Mr. Big,Hey Man (30th Anniversary Edition),evoXS,LP,,,,"April 18, 2026",,Yes,31.98,Estimated,Rock,Hard Rock,Glam Metal
Muse,Muse S/T EP,Warner Records,"12""",,,,"April 18, 2026",,,21.98,Estimated,Rock,Alternative Rock,Progressive Rock
Muse,Muscle Museum,Warner Records,"12""",,,,"April 18, 2026",,,21.98,Estimated,Rock,Alternative Rock,Progressive Rock
Mutemath,Mutemath,Rhino,2xLP,,,,"April 18, 2026",,,42.98,Estimated,Rock,Alternative Rock,Experimental Rock
My Life With The Thrill Kill,Kult Sinister Whispers: The Wax Trax! Years Remixed,Wax Trax! Records,2xLP,,,,"April 18, 2026",,,42.98,Estimated,Electronic,Industrial,EBM
Myles Smith,Stargazing (Aurora Edition),RCA,"7""",,,,"April 18, 2026",,,14.98,Estimated,Pop,Indie Pop,Singer-Songwriter
Mötley Crüe,Live Wire EP,BMG,LP,,,,"April 18, 2026",,,31.98,Estimated,Metal,Glam Metal,Hard Rock
Nadia Reid,Live at St Paul's With NZ Trio,Chrysalis Records,LP,,,,"April 18, 2026",,,31.98,Estimated,Folk,Indie Folk,Singer-Songwriter
Napalm Death,Harmony Corruption,Earache Records,LP,,,,"April 18, 2026",1990,Yes,31.98,Estimated,Metal,Grindcore,Death Metal
Nas,God's Son,Legacy Rep,LP,,,,"April 18, 2026",2002,Yes,31.98,Estimated,Hip-Hop,East Coast Hip-Hop,Conscious Hip-Hop
National Health,Of Queues and Cures,Charly Records,LP,,,,"April 18, 2026",,,31.98,Estimated,Rock,Canterbury Scene,Progressive Rock
Neil Young & The Chrome,Hearts The Live Album,Reprise / Warner Records,2xLP,,,,"April 18, 2026",,,42.98,Estimated,Rock,Folk Rock,Classic Rock
Neko Case,Cool Boys,ANTI-,"7""",,,,"April 18, 2026",,,14.98,Estimated,Rock,Alt-Country,Indie Rock
New York Dolls,One Day It Will Please Us To Remember Even This,Rhino,2xLP,,,,"April 18, 2026",,,42.98,Estimated,Rock,Punk,Glam Rock
"Niall Horan, The RTÉ Concert",Orchestra Flicker featuring the RTÉ Orchestra,Capitol US,LP,,,,"April 18, 2026",,,31.98,Estimated,Pop,Pop Rock,Orchestral Pop
Nicky Wire,Intimism,Commercial Group,LP,,,,"April 18, 2026",,,31.98,Estimated,Rock,Alternative Rock,Britpop
Nicola Conte,Naquela Base,Far Out Recordings,"7""",,,,"April 18, 2026",,,14.98,Estimated,Jazz,Nu Jazz,Bossa Nova
Nilüfer Yanya,Nilüfer Yanya Live at Metropolis,Ninja Tune,"12""",,,,"April 18, 2026",,,21.98,Estimated,Rock,Indie Rock,Art Pop
Nolan Porter & Stone,Foundation Live at the 100 Club,100% Records,LP,,,,"April 18, 2026",,,31.98,Estimated,R&B/Soul,Northern Soul,Funk
Ólafur Arnalds & Loreen,SAGES,Mercury KX,"12"" EP",,,,"April 18, 2026",,,19.98,Estimated,Electronic,Neo-Classical,Ambient
Olive,Extra Virgin,Commercial Group,2xLP,,,,"April 18, 2026",,,42.98,Estimated,Electronic,Trip-Hop,Dance
Olivia Dean,Live At The BBC,Capitol UK,"7""",,,,"April 18, 2026",,,14.98,Estimated,Pop,Neo-Soul,Indie Pop
One The Juggler,Imperial Way,Real Vision,LP,,,,"April 18, 2026",,,31.98,Estimated,Rock,New Wave,Post-Punk
"Orb, The",Bicycles & Tricycles,Cooking Vinyl,2xLP,,,,"April 18, 2026",,,42.98,Estimated,Electronic,Ambient House,Downtempo
Orchestral Manoeuvres In,The Dark Archive Vol. 1 (1981-1990),UMR/Virgin,2xLP,,,,"April 18, 2026",,,42.98,Estimated,Electronic,Synth-Pop,New Wave
Pale Blue Eyes,BBC Radio sessions,Broadcast Recordings,"12""",,,,"April 18, 2026",,Yes,21.98,Estimated,Rock,Indie Rock,Post-Punk
Panda Bear & Sonic Boom,Graveyard/Lucky Charm,Domino,"7""",,,,"April 18, 2026",,,14.98,Estimated,Electronic,Psychedelic Pop,Experimental
Papa Roach,Crooked Teeth,Earache Records,LP,,,,"April 18, 2026",,,31.98,Estimated,Rock,Nu Metal,Alternative Metal
Paramore,All We Know Is Falling,Atlantic,2xLP,,,,"April 18, 2026",,,42.98,Estimated,Rock,Pop Punk,Alternative Rock
Paris Paloma,Good Boy / Good Girl,Nettwerk,"7""",,,,"April 18, 2026",,,14.98,Estimated,Folk,Indie Folk,Chamber Folk
Patti Jo,Make Me Believe In You / Ain't No Love Lost (Tom Moulton Mixes),Celestial Echo,"7""",,,,"April 18, 2026",,,14.98,Estimated,R&B/Soul,Disco,Soul
Paul Weller,When Your Garden's Overgrown (Live at the BBC / Boy About Town (Live At The BBC),Parlophone,"7""",,,,"April 18, 2026",,,14.98,Estimated,Rock,Mod Revival,Britpop
Pavement,"Perfect Sound Forever EP Matador Records 10'' Pavey Ark More Time, More Speed",Sunk Island Records,LP,,,,"April 18, 2026",,,31.98,Estimated,Rock,Indie Rock,Lo-Fi
Peaches,"No Lube, So Rude",Kill Rock Stars,LP,,,,"April 18, 2026",,,31.98,Estimated,Electronic,Electroclash,Electropunk
Pearls Before Swine,Tom Rapp: The Man Who Fell to Earth,Earth Recordings,LP,,,,"April 18, 2026",,,31.98,Estimated,Folk,Psychedelic Folk,Freak Folk
Peregrine,Songs Of Mine,BONFIRE,LP,,,,"April 18, 2026",,,31.98,Estimated,Rock,Indie Rock,
Perrie,Bonus Tracks,Columbia,LP,,,,"April 18, 2026",,,31.98,Estimated,Pop,Dance Pop,Pop R&B
Pete Tong + Friends,Ibiza Classics - The B Sides,Ministry,LP,,,,"April 18, 2026",,,31.98,Estimated,Electronic,House,Dance
Peter Gabriel,Sledgehammer,Real World,"12""",,,,"April 18, 2026",,,21.98,Estimated,Rock,Art Rock,Progressive Rock
Pink Floyd,"Live at LA Sports Arena, 1975",Legacy Rep,BOXSET,,,,"April 18, 2026",1975,Yes,59.98,Estimated,Rock,Progressive Rock,Psychedelic Rock
PinkPantheress,Girl Like Me,Warner Records,"7""",,,,"April 18, 2026",,,14.98,Estimated,Electronic,UK Garage,Drum and Bass
Pixies,Live In Newport,Demon Records,2xLP,,,,"April 18, 2026",,,42.98,Estimated,Rock,Alternative Rock,Indie Rock
Police Dog Hogan,Hydrogen Bus,Major Tom,"12""",,,,"April 18, 2026",,,21.98,Estimated,Folk,Folk Rock,Bluegrass
Poor Righteous Teachers,The New World Order,Legacy Rep,LP,,,,"April 18, 2026",,,31.98,Estimated,Hip-Hop,East Coast Hip-Hop,Conscious Hip-Hop
Porcupine Tree,We Lost The Skyline,Transmission,LP,,,,"April 18, 2026",,,31.98,Estimated,Rock,Progressive Rock,Art Rock
"Power Station, The","Power Mad: Live at the Spectrum, Philadelphia, PA, 21/8/85 Warner Music UK Boxset Pretty Things, The From The Other Side Madfish 10'' Primal Scream Echo Dek",Commercial Group,LP,,,,"April 18, 2026",,,31.98,Estimated,Rock,New Wave,Synth-Pop
Primal Scream,Gentle Tuesday / Imperial: The 1987 EP's,Warner Music UK,"12""",,,,"April 18, 2026",,,21.98,Estimated,Rock,Alternative Rock,Madchester
Professor Longhair,The Last Mardi Gras,Rhino,2xLP,,,,"April 18, 2026",,,42.98,Estimated,Blues,New Orleans R&B,Boogie-Woogie
Public Service Broadcasting,The Race For Space (Remixes),Test Card Recordings,LP,,,,"April 18, 2026",,,31.98,Estimated,Electronic,Indie Electronic,Post-Rock
Purple Disco Machine,Soulmatic,Sweat It Out,2xLP,,,,"April 18, 2026",,,42.98,Estimated,Electronic,Nu-Disco,House
Puscifer,Normal Isn't Live,BMG,LP,,,,"April 18, 2026",,,31.98,Estimated,Rock,Alternative Rock,Industrial Rock
R. Carlos Nakai,Canyon Trilogy,Dark Horse Records,2xLP,,,,"April 18, 2026",,,42.98,Estimated,World,Native American,New Age
Rachel Chinouriri,Little House EP,Parlophone,"12""",,,,"April 18, 2026",,,21.98,Estimated,Pop,Indie Pop,Alt-Pop
Radha Krishna Temple,(London) The Radha Krsna Temple,Dark Horse Records,LP,,,,"April 18, 2026",,,31.98,Estimated,World,Devotional,Indian Classical
Ramones,Live in San Francisco,Rhino,2xLP,,,,"April 18, 2026",,,42.98,Estimated,Rock,Punk,Pop Punk
"Rascals, The",Rascalize,DeltaSonic Records,LP,,,,"April 18, 2026",,,31.98,Estimated,Rock,Indie Rock,Britpop
Ray Charles,Ray Charles - Live In Concert,Tangerine,2xLP,,,,"April 18, 2026",,,42.98,Estimated,R&B/Soul,Soul,Rhythm and Blues
"Residents, The","The Residents present Randy, Chuck & Bob In The Studio",NEW RALPH,LP,,,,"April 18, 2026",,,31.98,Estimated,Rock,Experimental Rock,Avant-Garde
Rhetta Hughes,Light My Fire / You're Doing It With Her (When It Should Be Me),South Street Soul,"7""",,,,"April 18, 2026",,,14.98,Estimated,R&B/Soul,Soul,Funk
Ritchie Blackmore's,Rainbow Live from Köln 1976,Demon Records,3xLP,,,,"April 18, 2026",,,54.98,Estimated,Rock,Hard Rock,Neoclassical Metal
Rival Consoles,MindsEye,Erased Tapes,2xLP,,,,"April 18, 2026",,,42.98,Estimated,Electronic,IDM,Ambient
Robert Forster,Danger In The Past,Needle Mythology,"LP + 7""",,,,"April 18, 2026",,,14.98,Estimated,Rock,Indie Pop,Jangle Pop
Robert Forster,Calling From A Country Phone,Needle Mythology,"LP + 7""",,,,"April 18, 2026",,,14.98,Estimated,Rock,Indie Pop,Jangle Pop
Robert Plant,Saving Grace: All That Glitters,Warner Records,"12""",,,,"April 18, 2026",,,21.98,Estimated,Rock,Blues Rock,Classic Rock
Rod Stewart,Alternate Atlantic Crossing,Atlantic / Rhino,LP,,,,"April 18, 2026",,Yes,31.98,Estimated,Rock,Pop Rock,Classic Rock
"Rolling Stones, The",Big Hits (US) - Japanese Edition,ABKCO MUSIC,LP,,,,"April 18, 2026",,,31.98,Estimated,Rock,Blues Rock,Classic Rock
Rory Gallagher,Calling Card,UMR,LP,,,,"April 18, 2026",1976,Yes,31.98,Estimated,Rock,Blues Rock,Hard Rock
Rose Gray,April/Lotus,Polydor,"12""",,,,"April 18, 2026",,,21.98,Estimated,Pop,Indie Pop,Alt-Pop
Roxy Music,Viva! Roxy Music,UMR/EMI,LP,,,,"April 18, 2026",,,31.98,Estimated,Rock,Art Rock,Glam Rock
Roy Hargrove,Bern - Live in Switzerland,Time Traveler Recordings,LP,,,,"April 18, 2026",,,31.98,Estimated,Jazz,Hard Bop,Neo-Bop
RUNT w/Todd Rundgren,The Necessary Cosmic Frenzy,Rhino,LP,,,,"April 18, 2026",,,31.98,Estimated,Rock,Power Pop,Art Rock
Rupert's People,Compendium,Trading Places,LP,,,,"April 18, 2026",,,31.98,Estimated,Rock,Psychedelic Rock,Freakbeat
Ryuichi Sakamoto (Featuring,Danceries) End of Asia,Gearbox,LP,,,,"April 18, 2026",,,31.98,Estimated,Electronic,Ambient,Contemporary Classical
"RZA, Juice Crew","Big Daddy Kane, Craig G, Roxanne Shanté, Kool G Rap Granddaddy I.U., Masta Ace, Pearl Gates Bobby Digital Presents: The Juice Crew 36 Chambers / DNA /",Hitmaker,LP,,,,"April 18, 2026",,,31.98,Estimated,Hip-Hop,East Coast Hip-Hop,Hardcore Hip-Hop
"RZA, Various Artists",The Man with the Iron Fists (Original Motion Picture Soundtrack),36 Chambers,2xLP,,,,"April 18, 2026",,,42.98,Estimated,Hip-Hop,East Coast Hip-Hop,Hardcore Hip-Hop
Schmoov!,While You Wait,Winding Road Records,2xLP,,,,"April 18, 2026",,,42.98,Estimated,Electronic,Breakbeat,Downtempo
Scott Matthews,Passing Stranger,Shedio Records,2xLP,,,,"April 18, 2026",,,42.98,Estimated,Folk,Singer-Songwriter,Folk Rock
Scott Weiland,Live from the Happy In Galoshes Tour 2009,Scott Weiland,"12""",,,,"April 18, 2026",,,21.98,Estimated,Rock,Alternative Rock,Grunge
Scuba,Petrology,Hotflush,"12""",,,,"April 18, 2026",,,21.98,Estimated,Electronic,Dubstep,Techno
Selena Gomez,Droplets EP Interscope 10'' Self Esteem Cuddles Please,UMR/Fiction,"12"" EP",,,,"April 18, 2026",,,19.98,Estimated,Pop,Dance Pop,Electropop
Sensational Alex Harvey,"Band, The Live In The New World - Berlin '76",Madfish,LP,,,,"April 18, 2026",,,31.98,Estimated,Rock,Glam Rock,Hard Rock
Sex Pistols,Jubilee,UMR,LP,,,,"April 18, 2026",,,31.98,Estimated,Rock,Punk,Punk Rock
Sheena Easton,Shockwave,CHERRY POP,LP,,,,"April 18, 2026",,,31.98,Estimated,Pop,Dance Pop,New Wave
Sigrid x Bring Me The,Horizon Bad Life,UMR/Island,"7""",,,,"April 18, 2026",,,14.98,Estimated,Pop,Electropop,Alternative Rock
Simon Fisher Turner,Stuff,Glass Modern,LP,,,,"April 18, 2026",,,31.98,Estimated,Electronic,Ambient,Experimental
Simply Red,Remixes,East West,2xLP,,,,"April 18, 2026",,,42.98,Estimated,Pop,Blue-Eyed Soul,Pop Soul
"Sisters of Mercy, The",First and Last and Always (Japanese Remix),Warner Music UK,"12""",,,,"April 18, 2026",,,21.98,Estimated,Rock,Gothic Rock,Post-Punk
Skid Row,Live at the Moscow Music Peace Festival,BMG,LP,,,,"April 18, 2026",,,31.98,Estimated,Metal,Glam Metal,Hard Rock
Skye,Mind How You Go,100% Records,LP,,,,"April 18, 2026",,,31.98,Estimated,Electronic,Trip-Hop,Downtempo
Sleep Token,Caramel,RCA,"12""",,,,"April 18, 2026",,No,21.98,Estimated,Metal,Progressive Metal,Alternative Metal
Slint,untitled (albini rough mixes),Touch and Go Records,"12""",,,,"April 18, 2026",,,21.98,Estimated,Rock,Post-Rock,Math Rock
Slomosa,"Live at Verftet Bergen, Norway",Apollon Records,LP,,,,"April 18, 2026",,,31.98,Estimated,Rock,Stoner Rock,Desert Rock
Smudge All Stars,Our Lives,Violent Drum Recordings,"12""",,,,"April 18, 2026",,,21.98,Estimated,Reggae,Roots Reggae,Dub
"Snake Corps, The",Flesh On Flesh,LANTERN REC.,LP,,,,"April 18, 2026",,,31.98,Estimated,Rock,Gothic Rock,Post-Punk
"Snuts, The",Live at the Boiler Shop,Assai Records,"12""",,,,"April 18, 2026",,,21.98,Estimated,Rock,Indie Rock,Pop Rock
Soft Cell,Danceteria (Remixes),Big Frock,"12""",,,,"April 18, 2026",,,21.98,Estimated,Electronic,Synth-Pop,New Wave
Sonic Youth,The Diamond Sea / Grayfolded,UMe,LP,,,,"April 18, 2026",,,31.98,Estimated,Rock,Noise Rock,Alternative Rock
Sophie Ellis-Bextor,Read My Lips,UMR/Polydor,2xLP,,,,"April 18, 2026",,,42.98,Estimated,Pop,Dance Pop,Nu-Disco
Soul Jazz Records Presents,Power Pop! American Power Pop for the Now Generation 1977-1981,Soul Jazz,LP,,,,"April 18, 2026",,,31.98,Estimated,R&B/Soul,Soul,Funk
Soul Jazz Records Presents,Studio One Sound,Soul Jazz,2xLP,,,,"April 18, 2026",,,42.98,Estimated,R&B/Soul,Soul,Funk
South Shore Commission,South Shore Commission,South Street Disco,LP,,,,"April 18, 2026",,,31.98,Estimated,R&B/Soul,Disco,Funk
Spacey Jane,"Live at The Hordern Pavilion (Sydney, NSW) 2025",UMR/Concord,2xLP,,,,"April 18, 2026",,,42.98,Estimated,Rock,Indie Rock,Surf Rock
Splat!,And Yeah So (1981-1985),LANTERN REC.,LP,,,,"April 18, 2026",,,31.98,Estimated,Rock,Punk,Indie Rock
Spunk,Tighten It Up,Gold Coast,LP,,,,"April 18, 2026",,,31.98,Estimated,Rock,Punk,Garage Punk
"Squirrel Nut Zippers, The",Roasted Right: Expanded Edition,Modern Harmonic,"12""",,,,"April 18, 2026",,Yes,21.98,Estimated,Jazz,Swing,Hot Jazz
Stalk-Forest Group,St. Cecilia - The Elektra Recordings,Rhino / Elektra,2xLP,,,,"April 18, 2026",,,42.98,Estimated,Rock,Psychedelic Rock,Proto-Punk
Starley,Call On Me,Central Station Records,"12""",,,,"April 18, 2026",,,21.98,Estimated,Pop,Dance Pop,Electropop
Status Quo,Live In Hammersmith 1979,Demon Records,2xLP,,,,"April 18, 2026",,,42.98,Estimated,Rock,Boogie Rock,Hard Rock
Stealing Sheep,GLO,NINE X NINE,LP,,,,"April 18, 2026",,,31.98,Estimated,Electronic,Art Pop,Psychedelic Pop
Steely Dan,Alive In America,Rhino,2xLP,,,,"April 18, 2026",,,42.98,Estimated,Rock,Jazz Rock,Soft Rock
Stewart Copeland,The Rhythmatist (signed),Demon Records,LP,,,,"April 18, 2026",,,31.98,Estimated,Soundtrack,Film Score,World
Stiff Little Fingers,John Peel Sessions,Rhino,LP,,,,"April 18, 2026",,Yes,31.98,Estimated,Rock,Punk,Post-Punk
Stone Temple Pilots,Live At Rolling Rock 2001,Rhino Atlantic,2xLP,,,,"April 18, 2026",,,42.98,Estimated,Rock,Grunge,Alternative Rock
"Stranglers, The",Rarities,Warner Music UK,LP,,,,"April 18, 2026",,,31.98,Estimated,Rock,Punk,New Wave
"Strawbs, The",Strawberry Music Sampler No.1,BONFIRE,LP,,,,"April 18, 2026",,,31.98,Estimated,Rock,Progressive Rock,Folk Rock
Stray Cats,Rumble In Brixton,Surfdog,2xLP,,,,"April 18, 2026",,,42.98,Estimated,Rock,Rockabilly,Psychobilly
"Streets, The",Computers and Blues,Locked On,LP,,,,"April 18, 2026",,,31.98,Estimated,Electronic,UK Garage,Hip-Hop
Suede,Antidepressants - Demos,BMG,"12""",,,,"April 18, 2026",,Yes,21.98,Estimated,Rock,Britpop,Glam Rock
Suede,Coming Up at the BBC,Demon Records,LP,,,,"April 18, 2026",,,31.98,Estimated,Rock,Britpop,Glam Rock
Sugar,File Under Easy Listening - The Singles,BMG,3xLP,,,,"April 18, 2026",,,54.98,Estimated,Rock,Alternative Rock,Power Pop
Sugarhill Gang/Grandmaster,Flash Rapper's Delight DUB/The Message DUB,Sanctuary,"12""",,,,"April 18, 2026",,,21.98,Estimated,Hip-Hop,Old School Hip-Hop,Electro
Sunday (1994),Live and Unwell,RCA,LP,,,,"April 18, 2026",,,31.98,Estimated,Rock,Britpop,Indie Rock
Supergrass,Don't Leave Me Alone,Echo,"12""",,,,"April 18, 2026",,,21.98,Estimated,Rock,Britpop,Indie Rock
Swamp Dogg,Swamp Dogg Gets His Pool Painted,Joyful Noise Recordings,LP,,,,"April 18, 2026",,,31.98,Estimated,R&B/Soul,Southern Soul,Funk
"Sword, The",Three Songs,Kemado,"12""",,,,"April 18, 2026",,,21.98,Estimated,Metal,Stoner Metal,Doom Metal
T. Rex,"Songs from ""Marc""",Demon Records,LP,,,,"April 18, 2026",,,31.98,Estimated,Rock,Glam Rock,Psychedelic Rock
Talking Heads,The CBS / Columbia Demos,Rhino,2xLP,,,,"April 18, 2026",,Yes,42.98,Estimated,Rock,New Wave,Post-Punk
Tamino,Babylon EP (Live) Communion 10'' Tangerine Dream Night Trains & Cityscapes,Invisible Hands Music,"12""",,,,"April 18, 2026",,,21.98,Estimated,Pop,Art Pop,Chamber Pop
Tanita Tikaram,Tanita Tikaram (Acoustic),Cooking Vinyl,LP,,,,"April 18, 2026",,,31.98,Estimated,Pop,Folk Pop,Singer-Songwriter
Tanya Donnelly & Chris,Brokaw The Undone Is Done Again,Fire Records,LP,,,,"April 18, 2026",,,31.98,Estimated,Rock,Alternative Rock,Indie Rock
Tate McRae,Hung Up On You,Nettwerk,"7""",,,,"April 18, 2026",,,14.98,Estimated,Pop,Dance Pop,Pop R&B
"Tears, The",Here Come The Tears,UMR/Concord,LP,,,,"April 18, 2026",,,31.98,Estimated,Rock,Britpop,Indie Rock
Teenage Fanclub & Jad Fair,Words of Wisdom and Hope,Merge Records,"LP + 7""",,,,"April 18, 2026",,,14.98,Estimated,Rock,Indie Pop,Power Pop
"Telescopes, The",Editions II: Space Fest,Glass Modern,LP,,,,"April 18, 2026",,,31.98,Estimated,Rock,Shoegaze,Noise Rock
Terry Callier,"Live at The Earl of Old Town, October 24, 1967",Time Traveler Recordings,2xLP,,,,"April 18, 2026",,,42.98,Estimated,R&B/Soul,Soul,Folk Soul
Thievery Corporation,Culture Of Fear,Thievery Corporation,2xLP,,,,"April 18, 2026",,,42.98,Estimated,Electronic,Trip-Hop,Downtempo
Thin Lizzy,Live in Cleveland 1976,UMR/Vertigo,2xLP,,,,"April 18, 2026",,,42.98,Estimated,Rock,Hard Rock,Classic Rock
Third Eye Blind,Rarities & First Drafts,Rhino,LP,,,,"April 18, 2026",,,31.98,Estimated,Rock,Alternative Rock,Pop Rock
Tina Harvey,Tina Harvey,Trading Places,LP,,,,"April 18, 2026",,,31.98,Estimated,Reggae,Lovers Rock,Roots Reggae
Tom Grennan,Little Bit Of Love,Insanity,"7""",,,,"April 18, 2026",,,14.98,Estimated,Pop,Indie Pop,Pop Rock
Tom Petty & The,"Heartbreakers July 16, 1978 - Paradise Theater, Boston, MA",UMe,LP,,,,"April 18, 2026",,,31.98,Estimated,Rock,Heartland Rock,Classic Rock
Tony Banks,18 Pieces For Orchestra Naxos Boxset Tony Bennett MTV Unplugged,Legacy Rep,2xLP,,,,"April 18, 2026",,,42.98,Estimated,Rock,Progressive Rock,Art Rock
Troubleman,Time Out Of Mind,Far Out Recordings,2LP,,,,"April 18, 2026",,,42.98,Estimated,R&B/Soul,Funk,Soul
Turin Brakes,Acoustic Live,Cooking Vinyl,LP,,,,"April 18, 2026",,,31.98,Estimated,Rock,Indie Rock,Folk Rock
TV Girl,"The Night in Question: French Exit Outtakes Blissful Serenity Industries,",LLC,LP,,,,"April 18, 2026",,,31.98,Estimated,Electronic,Indie Pop,Lo-Fi
Ultravox,The Re-Mixes,Chrysalis Records,2xLP,,,,"April 18, 2026",,,42.98,Estimated,Electronic,Synth-Pop,New Wave
Universal Robot Band,Barely Breaking Even,Moonglow,"12""",,,,"April 18, 2026",,,21.98,Estimated,R&B/Soul,Disco,Funk
"Vaccines, The",What Did You Expect.... Demos and B-sides,Commercial Group,LP,,,,"April 18, 2026",,Yes,31.98,Estimated,Rock,Indie Rock,Post-Punk Revival
Van Halen,Live in New Haven CT 1986,Rhino Warner,2xLP,,,,"April 18, 2026",,,42.98,Estimated,Rock,Hard Rock,Glam Metal
Various Arists,Westbound Sound: Westbound Records Curated by RSD Vol. 3,ORG MUSIC,LP,,,,"April 18, 2026",,,31.98,Estimated,Various,Compilation,
Various Artists,What Dance Is This? UK Post-Punk Dancefloor 1979–1983 Vol. 1,LANTERN REC.,LP,,,,"April 18, 2026",,,31.98,Estimated,Various,Compilation,
Various Artists,What Dance Is This? UK Post-Punk Dancefloor 1979–1983 Vol. 2,LANTERN REC.,LP,,,,"April 18, 2026",,,31.98,Estimated,Various,Compilation,
Various Artists,Funk & Soul Instrumentals 1967,History Of Soul,LP,,,,"April 18, 2026",,,31.98,Estimated,Various,Compilation,
Various Artists,Soho Scene '63 Vol 2: Jazz Goes Mod,1960s Records,LP,,,,"April 18, 2026",,,31.98,Estimated,Various,Compilation,
Various Artists,Pioneers,Mercury KX,LP,,,,"April 18, 2026",,,31.98,Estimated,Various,Compilation,
Various Artists,"Pavilion 12""s Volume 1 (Balearic Nuggets)",Two Piers / Pavilion,"12""",,,,"April 18, 2026",,,21.98,Estimated,Various,Compilation,
Various Artists,Twenty Years Deep,Brownswood,LP,,,,"April 18, 2026",,,31.98,Estimated,Various,Compilation,
Various Artists,Sex: Craft Must Have Clothes Stranger Than Paradise,Records,LP,,,,"April 18, 2026",,,31.98,Estimated,Various,Compilation,
Various Artists,The Catalyst Files Compiled By Rainer Trüby & Miche,PANORAMA,2xLP,,,,"April 18, 2026",,,42.98,Estimated,Various,Compilation,
Various Artists,Rebirth 20,Rebirth,2xLP,,,,"April 18, 2026",,,42.98,Estimated,Various,Compilation,
Various Artists,Nublu Dance,Nublu Records,2xLP,,,,"April 18, 2026",,,42.98,Estimated,Various,Compilation,
Various Artists,Rocking Steady In The Room In The Sky,Room In The Sky,LP,,,,"April 18, 2026",,,31.98,Estimated,Various,Compilation,
Various Artists,Jazz Dispensary: Magia Brasileira,UMR/Concord,LP,,,,"April 18, 2026",,,31.98,Estimated,Various,Compilation,
Various Artists,Just Tell Me You Love Me: A Tribute To Fleetwood Mac,UMR/Concord,LP,,,,"April 18, 2026",,,31.98,Estimated,Various,Compilation,
Various Artists,Stax: Killer B's,UMR/Concord,LP,,,,"April 18, 2026",,,31.98,Estimated,Various,Compilation,
Various Artists,Bakers Dozen Volume 1,Bakers Dozen / ADA,LP,,,,"April 18, 2026",,,31.98,Estimated,Various,Compilation,
Various Artists,TSZR Volume 1 Three Six Zero Recordings /,ADA,"12""",,,,"April 18, 2026",,,21.98,Estimated,Various,Compilation,
Various Artists - deadmau5 /,MelleFresh Play Records: 30 Years at Play,Play Records,2xLP,,,,"April 18, 2026",,,42.98,Estimated,Electronic,Progressive House,Electro House
Various Artists - Monstercat,and Firaga Records UNDERTALE (10-Year Anniversary Remixes),"Monstercat, Firaga Records",LP,,,,"April 18, 2026",,Yes,31.98,Estimated,Electronic,EDM,Bass Music
Various Artists from Curaga,Records and Chill Ghost Records Video Game LoFi: Pokémon Lullabies,Curaga Records,LP,,,,"April 18, 2026",,,31.98,Estimated,Soundtrack,Video Game Soundtrack,
Various/Greg Belson,Greg Belson Presents: The House Of Beauty,Celestial Echo,LP,,,,"April 18, 2026",,,31.98,Estimated,R&B/Soul,Gospel,Soul
Vi Velasco With Zoot Sims,And His Orchestra Cantando Bossa Nova Means Singing The Bossa Nova,Poppydisc,LP,,,,"April 18, 2026",,,31.98,Estimated,Jazz,Vocal Jazz,Cool Jazz
Vince Guaraldi (and Vince,"Guaraldi Sextet and Vince Guaraldi Trio) Vince Guaraldi Ball and Glove ""Charlie Brown All Stars"" and ""It's Arbor Day Charlie Brown"" Lee Mendelson Film",Productions,"10""",,,,"April 18, 2026",,,19.98,Estimated,Jazz,Cool Jazz,Latin Jazz
Violent Femmes,The Blind Leading the Naked,UMR/Concord,LP,,,,"April 18, 2026",,,31.98,Estimated,Rock,Alternative Rock,Folk Punk
Violet Grohl,What's Heaven Without You / Swallowtail,Republic,"7""",,,,"April 18, 2026",,,14.98,Estimated,Rock,Indie Rock,Singer-Songwriter
Virgin Prunes,Heresie BMG Rights Management,(UK) Ltd.,2xLP,,,,"April 18, 2026",,,42.98,Estimated,Rock,Gothic Rock,Post-Punk
W.A.S.P.,Inside The Electric Circus,Madfish,LP,,,,"April 18, 2026",,,31.98,Estimated,Metal,Glam Metal,Heavy Metal
"Walker Brothers, The",Nite Flights,Commercial Group,LP,,,,"April 18, 2026",1978,Yes,31.98,Estimated,Pop,Baroque Pop,Blue-Eyed Soul
We Are Scientists,Buckle,100% Records,"7""",,,,"April 18, 2026",,,14.98,Estimated,Rock,Indie Rock,Post-Punk Revival
Ween,Europe '90,Rhino,Box Set,,,,"April 18, 2026",,,59.98,Estimated,Rock,Experimental Rock,Alternative Rock
"Weepies, The",Say I Am You (20th Anniversary Expanded Edition),Nettwerk,2xLP,,,,"April 18, 2026",,Yes,42.98,Estimated,Folk,Indie Folk,Chamber Pop
Weezer,Weezer 1192,Ernest Jenning Record Co.,LP,,,,"April 18, 2026",1992,Yes,31.98,Estimated,Rock,Alternative Rock,Power Pop
Wendell Harrison and Tribe,A Tribute to Pharoah Sanders,ORG MUSIC,LP,,,,"April 18, 2026",,,31.98,Estimated,Jazz,Spiritual Jazz,Free Jazz
"Who, The",A Quick One,UMR/Polydor,2xLP,,,,"April 18, 2026",1966,Yes,42.98,Estimated,Rock,Mod,Classic Rock
William S. Burroughs,In Dub,Echo Beach,LP,,,,"April 18, 2026",,,31.98,Estimated,Spoken Word,Experimental,Avant-Garde
Winston Reedy,Could You Be Loved,Room In The Sky,"7""",,,,"April 18, 2026",,,14.98,Estimated,Reggae,Lovers Rock,Roots Reggae
Winston Reedy,Back To My Roots,Room In The Sky,LP,,,,"April 18, 2026",,,31.98,Estimated,Reggae,Lovers Rock,Roots Reggae
Wire,Read & Burn 03 + -,pinkflag,LP,,,,"April 18, 2026",2002,Yes,31.98,Estimated,Rock,Post-Punk,Art Punk
Wiz Khalifa,Khalifa,Real Gone Music,LP,,,,"April 18, 2026",2016,Yes,31.98,Estimated,Hip-Hop,Trap,West Coast Hip-Hop
Wolf Alice,Play It Out / Midnight Song (Live in LA),Columbia,"7""",,,,"April 18, 2026",,,14.98,Estimated,Rock,Shoegaze,Indie Rock
Xmal Deutschland,The Complete BBC Peel Sessions,4AD,2xLP,,,,"April 18, 2026",,Yes,42.98,Estimated,Rock,Gothic Rock,Post-Punk
XTC,LIVE BOOTS - Live at Emerald City 1981,Ape House,2xLP,,,,"April 18, 2026",1981,Yes,42.98,Estimated,Rock,New Wave,Post-Punk
Xzibit,Restless,Loud Records,2xLP,,,,"April 18, 2026",2000,Yes,42.98,Estimated,Hip-Hop,West Coast Hip-Hop,Gangsta Rap
Xzibit,At the Speed of Life,Legacy Rep,LP,,,,"April 18, 2026",1996,Yes,31.98,Estimated,Hip-Hop,West Coast Hip-Hop,Gangsta Rap
Yann Tierson,On Tour 2006,Warner France,LP,,,,"April 18, 2026",,,31.98,Estimated,Classical,Minimalism,Film Score
Yes,Tales From Topographic Tours,Rhino,Box Set,,,,"April 18, 2026",1973,Yes,59.98,Estimated,Rock,Progressive Rock,Art Rock
Young Dolph & Paper Route,EMPIRE Paper Route Illuminati,Paper Route EMPIRE,2xLP,,,,"April 18, 2026",,,42.98,Estimated,Hip-Hop,Southern Hip-Hop,Trap
Yusef Lateef,Lost In Sound,Charlie Parker Records,LP,,,,"April 18, 2026",,,31.98,Estimated,Jazz,Hard Bop,Modal Jazz
Zodiac Youth,Carnival Of Souls,Creation Youth,LP,,,,"April 18, 2026",,,31.98,Estimated,Rock,Post-Punk,Indie Rock
"Zutons, The",Valerie EP,Commercial Group,"12""",,,,"April 18, 2026",,,21.98,Estimated,Rock,Indie Rock,Britpop
